alert_key,probability
362723,0.0032654516
358458,0.0012143401
355810,0.00077768794
354449,0.00076794636
359852,0.00054566347
356183,0.00054566347
358421,0.0005111244
352343,0.0003333083
361459,0.00023943448
363155,0.00016438158
358624,0.00016043289
363341,0.00012219242
354261,0.00011148245
362225,4.6801466e-05
363569,3.7560363e-05
358819,3.7110047e-05
355521,2.3389091e-05
357656,2.217252e-05
359827,1.7594937e-05
362855,1.7474405e-05
359656,1.1637247e-05
363261,1.0153843e-05
361141,9.117597e-06
362101,8.592488e-06
362869,8.328222e-06
362147,6.3105836e-06
361128,5.0953086e-06
364470,4.8821994e-06
358610,4.2521965e-06
363459,3.5629162e-06
361570,3.488024e-06
359376,3.4740146e-06
364184,3.1807692e-06
360649,2.8705408e-06
353865,2.5338434e-06
356951,1.6107699e-06
355770,1.4864493e-06
362153,1.3493242e-06
358459,5.609995e-07
354443,5.450186e-07
355193,4.3918286e-07
362480,4.1652123e-07
361857,3.1543024e-07
363153,2.672961e-07
360072,2.6054698e-07
359491,1.6984414e-07
355428,9.7078185e-08
354612,3.7787135e-08
356599,3.5343895e-08
353041,3.3252775e-08
360406,2.2613145e-08
354223,2.2314255e-08
357275,7.053331e-09
358268,4.7847726e-09
364193,4.2769193e-09
355373,3.3240073e-09
352298,2.5676388e-09
362287,1.1526112e-09
358064,1.049953e-09
363453,1.960566e-11
364176,1.8582951e-11
353855,1.4883823e-11
356941,9.380096e-12
364721,5.038411e-14
355548,6.331916e-17
356773,3.690332e-17
357850,1.5774137e-17
361843,4.486181e-18
357706,1.025251e-21
361143,4.1969578e-31
362149,4.128235e-31
364472,4.0095346e-31
